{
  "pitch_from_z": {
    "a": 0.12242260809379119,
    "b": -5.063549571965209,
    "sigma": 21.47482484232184
  },
  "roll_from_y": {
    "a": 0.03385818612141105,
    "b": 1.3929597080687313,
    "sigma": 20.87230695962827
  },
  "yaw_from_x": {
    "a": -0.008260612272781721,
    "b": -2.1993465397811978,
    "sigma": 29.656095399673525
  }
}