{
  "pitch_from_z": {
    "a": 0.1289664587929052,
    "b": -5.327742008943879,
    "sigma": 28.480051811421806
  },
  "roll_from_y": {
    "a": 0.036782879350704206,
    "b": 1.532204961673053,
    "sigma": 27.681305885663964
  },
  "yaw_from_x_body": {
    "a_x": -0.00671957198535235,
    "a_body": 0.17796335866321505,
    "b": -2.3616127784326393,
    "sigma": 39.246945526785396
  }
}